-6.985983997583389282e-02	-1.777440756559371948e-01	1.167479157447814941e-01	-8.072526194155216217e-03	7.333040982484817505e-02	-2.538996934890747070e-01	2.951636724174022675e-02	-1.467519253492355347e-01	-2.338063716888427734e-01	6.274858117103576660e-02	-2.390960790216922760e-02	1.902083754539489746e-01	1.434111148118972778e-01	-4.704190045595169067e-02	2.684178054332733154e-01	1.421772092580795288e-01	-8.316754549741744995e-02	-1.299950927495956421e-01	3.237608075141906738e-01	-2.300617992877960205e-01	-3.132499456405639648e-01	-1.972385495901107788e-01	-5.056499317288398743e-02	-3.319457471370697021e-01	1.066068708896636963e-01	-1.681863516569137573e-01	-3.283994197845458984e-01	-1.072080805897712708e-01	2.663167715072631836e-01	-7.616034150123596191e-02	-1.175616234540939331e-01	-2.943904697895050049e-02	2.026150971651077271e-01	-3.189157843589782715e-01	-2.067241817712783813e-01	-2.180414050817489624e-01	-1.400496065616607666e-01	9.242213517427444458e-02	7.913458161056041718e-03	-1.678719222545623779e-01	-3.722597844898700714e-03	8.414370566606521606e-02	-3.146788477897644043e-02	1.552646011114120483e-01	-1.804989427328109741e-01	1.140961721539497375e-01	-1.077188104391098022e-01	1.431894600391387939e-01	1.416313052177429199e-01	-2.930549085140228271e-01	1.589568518102169037e-02	1.928047537803649902e-01	-1.494752764701843262e-01	3.559726057574152946e-03	3.083894844166934490e-04	2.024595439434051514e-01	1.110954359173774719e-01	-9.329156577587127686e-02	-2.001099735498428345e-01	-4.406362399458885193e-02	-2.273890525102615356e-01	2.134470939636230469e-01	2.423286932753399014e-04	-2.066584825515747070e-01	1.848948150873184204e-01	2.029669582843780518e-01	-2.581369578838348389e-01	2.759814262390136719e-01	-4.049662128090858459e-02	-1.125614568591117859e-01	-1.081954836845397949e-01	-1.261067837476730347e-01	-1.928650885820388794e-01	-1.623612046241760254e-01	1.713049858808517456e-01	-2.033085525035858154e-01	2.446763450279831886e-03	-2.683035433292388916e-01	1.484384536743164062e-01	-2.276406437158584595e-01	2.687073051929473877e-01	2.260717302560806274e-01	-9.313787519931793213e-02	9.480234235525131226e-02	6.211795285344123840e-02	1.279365718364715576e-01	-7.914881408214569092e-02	5.273263156414031982e-02	-2.924068644642829895e-02	-2.803840041160583496e-01	1.826589703559875488e-01	8.726295083761215210e-02	-2.296554297208786011e-01	1.963534653186798096e-01	-8.485601842403411865e-02	-2.194579094648361206e-01	7.807764410972595215e-02	3.186698630452156067e-02	-2.757713198661804199e-01	-1.105649620294570923e-01
8.238572627305984497e-02	2.682356834411621094e-01	-1.413343846797943115e-01	-1.246325857937335968e-02	9.650502353906631470e-02	-1.233875378966331482e-01	-3.201872110366821289e-02	-1.181886047124862671e-01	3.220417797565460205e-01	-8.474306762218475342e-02	2.464569360017776489e-01	4.040936753153800964e-02	-6.382098048925399780e-02	1.434315890073776245e-01	1.686570644378662109e-01	4.893276095390319824e-02	2.436191737651824951e-01	-2.399808168411254883e-01	-2.622309625148773193e-01	-1.393734514713287354e-01	-5.499663576483726501e-02	4.617283120751380920e-02	7.931864261627197266e-02	2.126118987798690796e-01	-6.183345615863800049e-02	2.816329300403594971e-01	-2.695438563823699951e-01	-2.435428947210311890e-01	2.103344202041625977e-01	2.552985250949859619e-01	-2.520121037960052490e-01	-2.190613448619842529e-01	-1.742295324802398682e-01	5.000881105661392212e-02	2.998388409614562988e-01	2.164808362722396851e-01	1.626242101192474365e-01	-1.602413505315780640e-01	3.727086633443832397e-02	2.734690308570861816e-01	-1.448471695184707642e-01	-1.596462279558181763e-01	3.170672357082366943e-01	-1.286152452230453491e-01	-5.819012969732284546e-02	-3.059005364775657654e-02	8.292281627655029297e-02	3.551990538835525513e-02	-2.415452450513839722e-01	-2.832195162773132324e-01	3.159644082188606262e-02	1.443602740764617920e-01	1.036430820822715759e-01	-6.090493872761726379e-02	-1.098885387182235718e-01	-9.903605282306671143e-02	3.164670243859291077e-02	-9.096050262451171875e-02	-2.166654765605926514e-01	-7.115954905748367310e-02	1.299479752779006958e-01	-2.645318806171417236e-01	3.570038825273513794e-02	1.924832165241241455e-01	3.136992156505584717e-01	2.851682007312774658e-01	1.902492195367813110e-01	1.707634627819061279e-01	-2.233930528163909912e-01	-7.146753370761871338e-02	2.084476500749588013e-01	-1.597892343997955322e-01	1.077264249324798584e-01	3.809077665209770203e-02	-1.906646192073822021e-01	-2.198101729154586792e-01	-3.028615117073059082e-01	-2.161243706941604614e-01	3.830627724528312683e-02	1.591216176748275757e-01	1.113605126738548279e-01	2.207295149564743042e-01	-3.031566143035888672e-01	-2.858987152576446533e-01	-1.181504726409912109e-01	-1.324312090873718262e-01	-2.818171679973602295e-01	1.226898189634084702e-02	1.692756265401840210e-01	-1.080707609653472900e-01	-7.057758420705795288e-02	-6.410315632820129395e-02	4.852694272994995117e-02	2.279180586338043213e-01	1.019986048340797424e-01	-2.783368229866027832e-01	6.258838623762130737e-02	-2.025005519390106201e-01	2.915896177291870117e-01	1.633486896753311157e-01
-1.874173730611801147e-01	-7.393857836723327637e-02	1.975130438804626465e-01	9.489173442125320435e-02	-2.584699094295501709e-01	2.442172467708587646e-01	3.153693377971649170e-01	3.526604548096656799e-02	-7.065331190824508667e-02	-6.663283705711364746e-02	1.433393210172653198e-01	-1.927883028984069824e-01	-1.820781230926513672e-01	2.142221331596374512e-01	1.380452066659927368e-01	-3.023122251033782959e-01	2.258853800594806671e-02	7.135567814111709595e-02	3.191736936569213867e-01	2.472255229949951172e-01	1.185022592544555664e-01	5.201894417405128479e-02	2.642938792705535889e-01	2.389624565839767456e-01	1.102261915802955627e-01	-1.050966456532478333e-01	1.363148093223571777e-01	-2.327912449836730957e-01	3.206563591957092285e-01	-8.955358713865280151e-02	3.094670474529266357e-01	3.029998540878295898e-01	1.271132826805114746e-01	1.838984526693820953e-02	5.542192980647087097e-02	2.435435354709625244e-01	2.122139930725097656e-01	3.777172043919563293e-02	-3.760133683681488037e-02	5.883851554244756699e-03	6.699306517839431763e-02	2.034491002559661865e-01	4.066289588809013367e-02	-1.298376917839050293e-01	2.619243972003459930e-02	2.545085549354553223e-01	2.800288796424865723e-01	-6.571302562952041626e-02	-2.070262730121612549e-01	-1.112167313694953918e-01	-7.303249090909957886e-02	1.639935076236724854e-01	-1.237578615546226501e-01	-2.369317412376403809e-01	2.036022990942001343e-01	1.965133398771286011e-01	9.368740022182464600e-02	-2.416845262050628662e-01	3.146551847457885742e-01	-1.162175759673118591e-01	-4.881851002573966980e-02	1.905613541603088379e-01	2.285628765821456909e-01	1.936074905097484589e-02	3.364870846271514893e-01	1.351124048233032227e-01	1.399212479591369629e-01	-1.855836361646652222e-01	-8.380697108805179596e-03	-9.650859236717224121e-02	1.405990272760391235e-01	-2.017136365175247192e-01	-3.161476254463195801e-01	-2.899288535118103027e-01	-2.850964367389678955e-01	2.070888429880142212e-01	1.447395831346511841e-01	2.954114042222499847e-02	2.700082957744598389e-02	2.997982800006866455e-01	1.535119563341140747e-01	-1.818288266658782959e-01	-4.147223755717277527e-02	-3.421527892351150513e-02	1.382339298725128174e-01	2.742721140384674072e-01	-5.480915307998657227e-02	2.530990242958068848e-01	2.748291790485382080e-01	-3.074765503406524658e-01	-7.968641072511672974e-02	1.093658283352851868e-01	-1.144259050488471985e-01	-1.320471316576004028e-01	-2.222402244806289673e-01	-3.313817381858825684e-01	2.542399764060974121e-01	-1.534475535154342651e-01	2.855397760868072510e-01	7.328402996063232422e-02
-3.254592418670654297e-01	-2.961675226688385010e-01	2.786506200209259987e-03	1.920532807707786560e-02	5.408382788300514221e-02	-4.857341572642326355e-02	-1.392770856618881226e-01	9.496016055345535278e-02	7.443859428167343140e-02	-3.201663196086883545e-01	-2.388909012079238892e-01	2.080330625176429749e-02	-1.281852275133132935e-01	2.026685029268264771e-01	2.302090674638748169e-01	-2.426721304655075073e-01	2.644423395395278931e-02	-2.346677929162979126e-01	2.283818870782852173e-01	9.793234616518020630e-02	6.464955210685729980e-02	1.867655664682388306e-01	-4.604949057102203369e-02	2.051416784524917603e-01	8.212804794311523438e-02	7.735920697450637817e-02	1.621628850698471069e-01	-2.766677141189575195e-01	-2.476156875491142273e-02	-3.948908299207687378e-02	9.387221187353134155e-03	-2.028191536664962769e-01	8.963279426097869873e-02	-1.813485622406005859e-01	-1.195135116577148438e-01	-8.953307569026947021e-02	1.307541877031326294e-01	2.464389055967330933e-01	4.671063646674156189e-02	2.963863313198089600e-01	-2.551596462726593018e-01	-1.895545236766338348e-02	-7.653304934501647949e-02	-5.882785096764564514e-02	-3.962838090956211090e-03	1.807746291160583496e-02	-3.059647083282470703e-01	-8.908750116825103760e-02	1.534901261329650879e-01	1.850270293653011322e-02	-9.881906211376190186e-02	-2.006110548973083496e-01	-9.418269246816635132e-02	-3.068374395370483398e-01	-3.343340456485748291e-01	-9.587344527244567871e-02	-7.872342318296432495e-02	5.597696080803871155e-02	3.718678280711174011e-02	-1.555612869560718536e-02	1.603288948535919189e-01	1.182800605893135071e-01	-2.152019888162612915e-01	1.514918655157089233e-01	-8.846817910671234131e-02	1.960450261831283569e-01	-1.373167484998703003e-01	2.457852065563201904e-01	-1.858844608068466187e-01	-1.173401698470115662e-01	-3.064643442630767822e-01	-2.831847406923770905e-02	1.703930944204330444e-01	2.340835779905319214e-01	9.189180284738540649e-02	-2.131565809249877930e-01	7.798019051551818848e-02	1.033715829253196716e-01	-2.964088618755340576e-01	-3.390314579010009766e-01	-2.323143780231475830e-01	1.030238941311836243e-01	-3.500268794596195221e-04	3.351165214553475380e-03	-2.224772125482559204e-01	-1.031549200415611267e-01	-1.578867994248867035e-02	-1.369524449110031128e-01	6.803860515356063843e-02	2.219340577721595764e-02	6.971959769725799561e-02	-2.583331465721130371e-01	4.048627987504005432e-02	7.477807998657226562e-02	-8.098600432276725769e-03	2.190352231264114380e-01	4.580235108733177185e-02	1.110457405447959900e-01	2.956913709640502930e-01	1.136591881513595581e-01
2.724270150065422058e-02	1.896727532148361206e-01	-1.991542726755142212e-01	-7.082488387823104858e-02	2.012432366609573364e-02	1.033777222037315369e-01	-2.245330810546875000e-01	-6.849710363894701004e-03	1.835563480854034424e-01	-6.355208903551101685e-02	-2.233885079622268677e-01	-1.792077720165252686e-01	-4.245420545339584351e-02	6.997682154178619385e-02	-7.409403473138809204e-02	9.267118573188781738e-02	-2.281348705291748047e-01	8.000666648149490356e-02	2.037787586450576782e-01	-1.077875569462776184e-01	-6.276953965425491333e-02	-5.046351253986358643e-02	6.220057606697082520e-02	-2.464793622493743896e-01	1.067479886114597321e-02	1.246721893548965454e-01	1.226649954915046692e-01	1.138110011816024780e-01	-2.381820678710937500e-01	-1.716339886188507080e-01	-2.781975567340850830e-01	2.277757674455642700e-01	6.161249056458473206e-02	8.632948994636535645e-02	-5.705821886658668518e-02	1.705533415079116821e-01	-6.308381259441375732e-02	2.475821673870086670e-01	-1.048358008265495300e-01	-8.720308542251586914e-02	1.304496079683303833e-01	-1.363637745380401611e-01	-1.993739046156406403e-03	1.314415782690048218e-01	-5.735222250223159790e-02	1.562088429927825928e-01	-1.157593801617622375e-01	8.257408626377582550e-03	2.057921737432479858e-01	-5.838955193758010864e-02	2.370132952928543091e-01	-8.421383053064346313e-02	-9.814033657312393188e-02	3.199192285537719727e-01	-2.500934898853302002e-01	-9.357172995805740356e-02	-1.897463351488113403e-01	2.777857482433319092e-01	3.003628551959991455e-01	3.369413316249847412e-02	1.663184016942977905e-01	-6.561892572790384293e-03	1.359097659587860107e-01	1.610491871833801270e-01	-9.523984789848327637e-02	-2.760944366455078125e-01	-9.567731618881225586e-02	-5.014255270361900330e-02	1.045630872249603271e-01	-1.686972007155418396e-02	1.556167304515838623e-01	-2.787943482398986816e-01	-2.649130523204803467e-01	-1.795167028903961182e-01	-1.196022182703018188e-01	5.719483271241188049e-02	2.392586469650268555e-01	1.072982922196388245e-01	-1.302430480718612671e-01	1.204803138971328735e-01	1.009080559015274048e-01	-2.445972263813018799e-01	-3.748767077922821045e-02	2.701942622661590576e-01	2.703231945633888245e-02	-1.375439018011093140e-01	-2.761958837509155273e-01	1.200455948710441589e-01	-6.820432841777801514e-02	2.749982774257659912e-01	1.677271574735641479e-01	-8.799854665994644165e-02	1.215874701738357544e-01	1.218986660242080688e-01	2.133459001779556274e-01	2.983673810958862305e-01	-1.815977841615676880e-01	2.791616693139076233e-02	9.283125400543212891e-02	2.472016662359237671e-01
-3.024764657020568848e-01	-1.756195873022079468e-01	9.142103046178817749e-02	-1.882386803627014160e-01	2.065647095441818237e-01	-1.368646919727325439e-01	2.533385455608367920e-01	2.912255525588989258e-01	-2.133791893720626831e-01	-1.069229841232299805e-01	-2.575468122959136963e-01	3.316998779773712158e-01	2.740747034549713135e-01	-1.247262358665466309e-01	2.156999409198760986e-01	2.018842697143554688e-01	-2.011819779872894287e-01	-1.670801341533660889e-01	2.897593080997467041e-01	7.659292966127395630e-02	1.675280332565307617e-01	-2.626106739044189453e-01	1.496177464723587036e-01	1.641915142536163330e-01	3.010236024856567383e-01	2.870986759662628174e-01	1.556708663702011108e-01	1.999527662992477417e-01	-2.343113720417022705e-01	-1.895863115787506104e-01	1.866321265697479248e-02	1.965666264295578003e-01	1.083437949419021606e-01	-2.263502925634384155e-01	4.910186305642127991e-02	2.697288691997528076e-01	1.461381018161773682e-01	3.243653476238250732e-01	-2.205359935760498047e-01	1.523483693599700928e-01	1.348305791616439819e-01	2.780700922012329102e-01	-1.883726119995117188e-01	9.551969915628433228e-02	-1.821950078010559082e-01	-2.400179207324981689e-02	-2.445371896028518677e-01	-1.491866558790206909e-01	1.511719822883605957e-01	-2.108346670866012573e-01	1.317246854305267334e-01	2.380133420228958130e-01	1.913199573755264282e-01	-1.173200458288192749e-01	1.749589443206787109e-01	-3.292749524116516113e-01	-7.806175947189331055e-02	2.758088707923889160e-02	1.523512750864028931e-01	8.695826679468154907e-02	4.665858298540115356e-02	-3.052977025508880615e-01	-2.262971997261047363e-01	1.915528476238250732e-01	1.256832480430603027e-01	-2.705109715461730957e-01	3.469850122928619385e-01	9.534887969493865967e-02	3.385058343410491943e-01	3.058319985866546631e-01	-2.833986580371856689e-01	6.379316747188568115e-02	-8.936989307403564453e-02	1.182776615023612976e-01	3.268280029296875000e-01	1.957118511199951172e-01	1.951041519641876221e-01	2.015852481126785278e-01	3.404112756252288818e-01	2.379773408174514771e-01	-2.552122473716735840e-01	-1.257579922676086426e-01	2.178295254707336426e-01	-2.912058830261230469e-01	-1.765925437211990356e-01	-3.316488862037658691e-01	1.478929221630096436e-01	3.191042244434356689e-01	-4.184949025511741638e-02	2.763738930225372314e-01	2.464063316583633423e-01	5.088660866022109985e-02	-9.079256094992160797e-03	1.757745146751403809e-01	1.062484085559844971e-01	-2.615515589714050293e-01	1.978101730346679688e-01	1.717605739831924438e-01	3.033348619937896729e-01	-3.516435921192169189e-01
5.637010186910629272e-02	-7.463595271110534668e-02	1.303961127996444702e-02	-6.758865714073181152e-02	-2.377518825232982635e-02	-7.225016504526138306e-02	2.329985201358795166e-01	4.133172333240509033e-02	1.502071171998977661e-01	9.107436239719390869e-02	1.865417882800102234e-02	-2.604271471500396729e-01	1.175739616155624390e-01	-7.832824438810348511e-02	3.685513138771057129e-02	6.034431979060173035e-02	2.970329225063323975e-01	-1.547674927860498428e-02	1.321352459490299225e-02	4.454767704010009766e-02	-1.581154465675354004e-01	2.797494828701019287e-01	-1.241695433855056763e-01	-2.589576840400695801e-01	-1.885245889425277710e-01	-2.219543457031250000e-01	-3.900082409381866455e-02	1.027778536081314087e-02	-9.130120743066072464e-04	-2.237130105495452881e-01	1.925783753395080566e-01	2.201793938875198364e-01	-7.646786421537399292e-02	2.953633069992065430e-01	-1.965887695550918579e-01	-5.065983161330223083e-02	-1.770425587892532349e-01	2.486634254455566406e-01	-5.406490527093410492e-03	-5.313906446099281311e-02	1.768134087324142456e-01	9.321371465921401978e-02	2.549780905246734619e-01	-8.888744749128818512e-03	2.600037157535552979e-01	3.303656354546546936e-02	-1.168500334024429321e-01	3.010799586772918701e-01	-1.841314136981964111e-02	-2.099290639162063599e-01	2.697777748107910156e-01	1.349709182977676392e-02	-3.198366165161132812e-01	-5.816980078816413879e-02	2.575175650417804718e-02	1.030069589614868164e-02	-2.598768286406993866e-02	2.894626259803771973e-01	-2.177310883998870850e-01	-2.276194095611572266e-01	-3.020519316196441650e-01	1.842045597732067108e-02	-1.702539622783660889e-01	1.579845100641250610e-01	3.211177289485931396e-01	-2.290530316531658173e-02	-3.210132718086242676e-01	5.180977657437324524e-02	-2.057746052742004395e-01	-7.198224216699600220e-02	-2.243265695869922638e-02	-2.767307162284851074e-01	1.760610491037368774e-01	-2.191738039255142212e-01	4.091298207640647888e-02	-9.158834815025329590e-03	8.294910937547683716e-02	-7.616721093654632568e-02	1.631545126438140869e-01	1.953578181564807892e-02	3.608109056949615479e-02	8.848112076520919800e-02	-1.250726729631423950e-01	2.717980928719043732e-02	2.321832329034805298e-01	1.254941225051879883e-01	6.738442182540893555e-02	-4.591660946607589722e-02	1.323838531970977783e-01	2.378975898027420044e-01	8.873381651937961578e-03	6.067572534084320068e-02	-1.929462999105453491e-01	1.190687529742717743e-02	3.931111097335815430e-02	1.855340003967285156e-01	1.649470329284667969e-01	2.120370417833328247e-01	-3.089749813079833984e-01	4.364633932709693909e-02
-3.396889939904212952e-02	-3.798058256506919861e-02	-2.473853230476379395e-01	1.153658777475357056e-01	1.559222936630249023e-01	2.132893651723861694e-01	1.950963139533996582e-01	-2.494382672011852264e-02	-4.657302424311637878e-02	-1.470330655574798584e-01	2.695275843143463135e-01	2.855399549007415771e-01	7.681970298290252686e-02	-1.230554878711700439e-01	-1.065791100263595581e-01	1.156717389822006226e-01	2.125402092933654785e-01	2.840313315391540527e-01	-1.516191661357879639e-01	1.667738109827041626e-01	6.775783002376556396e-02	3.264548778533935547e-01	1.949802488088607788e-01	-6.239395961165428162e-02	2.948582470417022705e-01	-2.639192342758178711e-01	-7.936100661754608154e-02	-1.867778897285461426e-01	-3.073210418224334717e-01	-1.213997676968574524e-01	1.280647218227386475e-01	-1.555661857128143311e-01	1.973574012517929077e-01	-8.708579093217849731e-02	-1.929646730422973633e-01	-2.031087726354598999e-01	-2.731634676456451416e-01	-2.637690007686614990e-01	-2.280301749706268311e-01	1.532741338014602661e-01	-1.238616630434989929e-01	-2.921192049980163574e-01	-2.088380455970764160e-01	-1.882899850606918335e-01	-1.135693415999412537e-01	5.487442761659622192e-02	1.969371587038040161e-01	-3.409568369388580322e-01	-9.988436102867126465e-02	2.879382669925689697e-01	1.560945361852645874e-01	-3.216324746608734131e-01	3.476237356662750244e-01	-3.221107423305511475e-01	1.660610437393188477e-01	-3.414779603481292725e-01	2.665739655494689941e-01	2.360124439001083374e-01	-5.163040012121200562e-03	9.664653986692428589e-02	-2.705729901790618896e-01	-8.185543119907379150e-02	3.177383840084075928e-01	6.744250655174255371e-02	1.682555228471755981e-01	-1.155221387743949890e-01	-3.300224244594573975e-01	-2.219517678022384644e-01	2.477349042892456055e-01	4.476087912917137146e-02	1.559817492961883545e-01	-2.619191706180572510e-01	1.658154428005218506e-01	2.915859222412109375e-01	-6.216611340641975403e-02	6.435846537351608276e-02	2.235157936811447144e-01	-2.800885736942291260e-01	-8.386974036693572998e-02	2.251751124858856201e-01	-1.293719559907913208e-01	-2.138172090053558350e-01	-8.835215866565704346e-02	-1.365667674690485001e-02	-2.383833080530166626e-01	2.454631328582763672e-01	-8.292298018932342529e-02	-1.588585376739501953e-01	-2.167358696460723877e-01	-1.015656441450119019e-01	9.479128569364547729e-02	-3.016262054443359375e-01	-6.952326744794845581e-03	-2.443537712097167969e-01	-1.924034506082534790e-01	-3.372431993484497070e-01	-2.398905456066131592e-01	1.076620817184448242e-01	6.367939710617065430e-02	-1.530511379241943359e-01
-1.521472334861755371e-01	2.187461704015731812e-01	7.026699185371398926e-02	4.942398518323898315e-02	-4.031533375382423401e-02	3.653676062822341919e-02	5.351688340306282043e-02	-2.521800100803375244e-01	1.481503099203109741e-01	-4.990677535533905029e-02	2.253539711236953735e-01	2.181431055068969727e-01	-1.648273169994354248e-01	6.728381384164094925e-03	-1.706917770206928253e-02	-8.153785020112991333e-02	-2.794101238250732422e-01	-1.797292977571487427e-01	-1.944359689950942993e-01	1.304809898138046265e-01	1.688389480113983154e-01	-5.680730938911437988e-02	2.649257183074951172e-01	-1.588200479745864868e-01	4.429475218057632446e-02	-2.221474051475524902e-01	1.655043065547943115e-01	9.103175997734069824e-02	-2.510909736156463623e-01	2.396647483110427856e-01	-2.111384719610214233e-01	2.266519069671630859e-01	-1.803898811340332031e-01	1.647015362977981567e-01	-1.474323570728302002e-01	-3.453905880451202393e-01	2.240116298198699951e-01	-1.840367466211318970e-01	-3.304057121276855469e-01	6.581953912973403931e-02	2.664485275745391846e-01	-9.682883322238922119e-02	-1.738308370113372803e-01	2.855917513370513916e-01	-2.519903779029846191e-01	3.280996680259704590e-01	1.131041646003723145e-01	1.174483969807624817e-01	-3.018055260181427002e-01	-1.132723838090896606e-01	2.517634332180023193e-01	2.432737350463867188e-01	-1.464066375046968460e-02	-7.713174819946289062e-02	-1.468394547700881958e-01	-2.238686978816986084e-01	1.690896302461624146e-01	-1.551653146743774414e-01	-9.732902050018310547e-02	-4.185298457741737366e-02	-2.791047394275665283e-01	1.830786913633346558e-01	6.990527361631393433e-02	-6.543568521738052368e-02	2.255422063171863556e-02	-4.755027964711189270e-02	3.601597249507904053e-02	1.310964971780776978e-01	1.321006715297698975e-01	-2.895856499671936035e-01	-1.533643007278442383e-01	-2.146579623222351074e-01	1.225700899958610535e-01	-3.589142486453056335e-02	-1.923099905252456665e-01	-2.854277193546295166e-01	1.795240491628646851e-01	6.940571474842727184e-04	1.756164729595184326e-01	1.770330816507339478e-01	1.476275622844696045e-01	-1.594203561544418335e-01	-2.451000064611434937e-01	-1.391715556383132935e-01	-1.662273518741130829e-02	-2.015904895961284637e-02	1.987220644950866699e-01	1.128944829106330872e-01	2.984283268451690674e-01	-1.114285290241241455e-01	2.923336625099182129e-02	-1.502157300710678101e-01	-2.397684007883071899e-02	-2.789318747818470001e-02	1.313265264034271240e-01	1.252703070640563965e-01	2.343982160091400146e-01	-1.925722509622573853e-01	-2.901360392570495605e-02	2.499804645776748657e-01
8.908829092979431152e-02	-2.964470768347382545e-03	1.815007179975509644e-01	9.359511733055114746e-02	-7.110215723514556885e-02	-2.548583149909973145e-01	-4.563809186220169067e-02	2.701922692358493805e-02	-7.781256735324859619e-02	4.707131534814834595e-02	1.219112426042556763e-01	9.595569968223571777e-02	1.608264297246932983e-01	-9.792943298816680908e-02	-8.253448456525802612e-02	1.103776395320892334e-01	2.130666226148605347e-01	1.647675782442092896e-01	-2.073912620544433594e-01	-2.197292447090148926e-01	-1.952121555805206299e-01	-7.466442137956619263e-02	8.780849725008010864e-02	-6.249906495213508606e-02	-1.610911935567855835e-01	1.045810133218765259e-01	-1.752745658159255981e-01	-1.191239431500434875e-01	-2.059335857629776001e-01	1.131727844476699829e-01	7.747116684913635254e-02	-1.849643588066101074e-01	2.119688130915164948e-02	-8.743272721767425537e-02	4.062018543481826782e-02	2.527594268321990967e-01	-3.279117122292518616e-02	-1.583300381898880005e-01	2.973658740520477295e-01	2.190653085708618164e-01	1.970152556896209717e-01	-2.537100575864315033e-02	-2.117253839969635010e-01	1.771031767129898071e-01	2.617785707116127014e-02	3.022105097770690918e-01	-1.673714220523834229e-01	8.205278962850570679e-02	-9.182213246822357178e-02	-1.936818957328796387e-01	-1.667342185974121094e-01	-1.314319372177124023e-01	1.008686050772666931e-01	1.973620504140853882e-01	2.163185477256774902e-01	-4.853067547082901001e-02	7.647489756345748901e-02	-5.090497061610221863e-02	2.261953204870223999e-01	1.278883367776870728e-01	-1.095605120062828064e-01	-1.174344941973686218e-01	4.429726302623748779e-02	-1.037693098187446594e-01	-5.889597907662391663e-02	-1.631256490945816040e-01	-8.514922112226486206e-02	9.891035407781600952e-02	2.354193925857543945e-01	3.238907083868980408e-02	3.536411002278327942e-02	1.869358420372009277e-01	-2.719328403472900391e-01	2.248698770999908447e-01	-2.919307351112365723e-02	2.118832468986511230e-01	-2.984127104282379150e-01	1.189469099044799805e-01	-1.128287315368652344e-01	2.695295214653015137e-01	-1.071453094482421875e-01	-4.772165790200233459e-02	-3.377552926540374756e-01	8.978722989559173584e-02	-9.134108573198318481e-02	-1.887225508689880371e-01	1.414500474929809570e-01	2.407798916101455688e-02	2.623810172080993652e-01	-1.064744740724563599e-01	2.915674149990081787e-01	1.365187764167785645e-01	-1.069010347127914429e-01	-2.124092876911163330e-01	-3.334845006465911865e-01	-1.794415861368179321e-01	-1.210151147097349167e-02	1.715362966060638428e-01	-1.648150980472564697e-01	-2.364290505647659302e-01
4.512075334787368774e-02	-4.179928824305534363e-02	3.829809650778770447e-02	-1.617710590362548828e-01	2.074832469224929810e-01	-1.343443393707275391e-01	3.574997931718826294e-02	-1.964106112718582153e-01	-4.458532482385635376e-02	-2.878070063889026642e-02	-4.921834170818328857e-02	-2.227972298860549927e-01	1.767538338899612427e-01	1.542265266180038452e-01	-4.183501005172729492e-02	-1.235987544059753418e-01	1.952152997255325317e-01	1.463573612272739410e-02	-6.029257550835609436e-02	1.854698359966278076e-01	-1.196716353297233582e-02	-4.775184020400047302e-02	1.163745969533920288e-01	-1.013092249631881714e-01	-1.816217042505741119e-02	-1.529355496168136597e-01	4.755738656967878342e-03	2.986178100109100342e-01	3.082146644592285156e-01	-2.493172883987426758e-01	2.686476707458496094e-01	1.188770160079002380e-01	1.723301224410533905e-02	2.937943041324615479e-01	-2.291929125785827637e-01	-3.465668261051177979e-01	-1.151528954505920410e-01	2.429981902241706848e-02	-1.954741328954696655e-01	-5.429458990693092346e-02	-3.051231801509857178e-02	-2.034207135438919067e-01	1.077786758542060852e-01	-1.741733103990554810e-01	8.180501312017440796e-02	-1.136455163359642029e-01	-1.442465037107467651e-01	1.560055762529373169e-01	-1.426363736391067505e-01	-2.950836718082427979e-01	1.489243805408477783e-01	-3.690151497721672058e-02	-1.472531706094741821e-01	-1.517190039157867432e-01	-4.345053061842918396e-02	1.095589101314544678e-01	-2.915480136871337891e-01	7.136958092451095581e-02	-3.185201883316040039e-01	3.023974597454071045e-02	-9.268643707036972046e-02	-6.628754734992980957e-02	1.087563186883926392e-01	-1.536842137575149536e-01	1.986205726861953735e-01	1.487002223730087280e-01	-2.031977474689483643e-01	5.317423492670059204e-02	-5.109262093901634216e-02	1.855735182762145996e-01	1.033926606178283691e-01	2.341669797897338867e-02	2.548857033252716064e-01	6.938596069812774658e-02	-1.707231253385543823e-01	2.277650833129882812e-01	7.815352082252502441e-02	2.259688973426818848e-01	2.746588587760925293e-01	-8.119363337755203247e-02	-1.579553037881851196e-01	2.005545645952224731e-01	-1.064327135682106018e-01	-3.118455410003662109e-01	-5.557252094149589539e-02	4.710132256150245667e-02	1.906623393297195435e-01	-2.561009824275970459e-01	-1.592995226383209229e-01	1.259066760540008545e-01	2.431079000234603882e-02	-2.757386565208435059e-01	-2.239125818014144897e-01	2.038749456405639648e-01	1.563017368316650391e-01	-7.934302836656570435e-02	1.662525385618209839e-01	-1.031778752803802490e-01	-5.715339258313179016e-02	-2.529414892196655273e-01
-1.710043549537658691e-01	-2.003969401121139526e-01	9.347761981189250946e-03	-1.037346646189689636e-01	3.425953686237335205e-01	-1.322168260812759399e-01	1.815210282802581787e-01	-2.110636048018932343e-02	-1.247425656765699387e-02	1.172509975731372833e-02	1.704158484935760498e-01	8.133396506309509277e-03	-2.411114424467086792e-01	-1.739456504583358765e-01	3.151157870888710022e-02	-1.028030887246131897e-01	-6.968923378735780716e-03	2.341536134481430054e-01	-1.688176952302455902e-02	1.212013438344001770e-01	1.194053366780281067e-01	1.442486047744750977e-01	-1.003665700554847717e-01	-5.855626985430717468e-02	-1.313083767890930176e-01	-2.072030454874038696e-01	-2.375582605600357056e-01	2.555420100688934326e-01	-1.581590026617050171e-01	-6.492686271667480469e-02	-2.532318234443664551e-02	-2.529449760913848877e-02	5.652383901178836823e-03	-1.448741257190704346e-01	-1.215146705508232117e-01	-1.318179517984390259e-01	1.127028912305831909e-01	-6.949523836374282837e-02	-1.829687058925628662e-01	2.661114037036895752e-01	-1.298614293336868286e-01	3.273695111274719238e-01	2.226369380950927734e-01	-3.070695102214813232e-01	-2.530792653560638428e-01	-2.986123599112033844e-02	3.268591761589050293e-01	-8.299271017313003540e-02	-1.042571067810058594e-01	-1.095791310071945190e-01	3.161079883575439453e-01	4.512914270162582397e-02	-1.312812566757202148e-01	-5.944160372018814087e-02	-2.453343123197555542e-01	1.574274748563766479e-01	-2.126281857490539551e-01	2.680947184562683105e-01	3.154873847961425781e-01	3.555192053318023682e-01	3.062919378280639648e-01	3.790353983640670776e-02	2.622516453266143799e-01	-3.401898145675659180e-01	-2.538669705390930176e-01	-2.862281501293182373e-01	3.489941656589508057e-01	6.787511054426431656e-03	-2.857095003128051758e-01	2.363918870687484741e-01	6.205892562866210938e-02	2.442645728588104248e-01	3.167919814586639404e-01	9.767512977123260498e-02	3.077182769775390625e-01	-1.549293696880340576e-01	-9.898696094751358032e-02	-2.913255989551544189e-01	7.803370803594589233e-02	-1.875696629285812378e-01	1.444849669933319092e-01	3.372410535812377930e-01	2.893539071083068848e-01	1.450058519840240479e-01	-1.852620989084243774e-01	-1.761240065097808838e-01	-2.891159057617187500e-01	1.608083099126815796e-01	1.133183464407920837e-01	1.604247391223907471e-01	-2.259339690208435059e-01	2.563408911228179932e-01	2.176451534032821655e-01	-1.577017158269882202e-01	1.253906916826963425e-02	-2.522085905075073242e-01	1.588818132877349854e-01	-3.338239714503288269e-02	1.667921096086502075e-01	2.901309430599212646e-01
1.648300439119338989e-01	2.850608527660369873e-01	7.699790596961975098e-02	2.094310969114303589e-01	-2.476537674665451050e-01	-1.999897062778472900e-01	-2.936570942401885986e-01	1.071758382022380829e-02	2.336466871201992035e-02	3.126113414764404297e-01	-3.827948495745658875e-02	-1.255443245172500610e-01	-8.200012892484664917e-02	2.395028807222843170e-02	-1.287920176982879639e-01	-2.053713984787464142e-02	-3.415347635746002197e-02	8.758038282394409180e-02	1.635522842407226562e-01	3.738266602158546448e-02	-1.606369763612747192e-01	1.719378530979156494e-01	1.438292674720287323e-02	-2.656776458024978638e-02	-2.941921353340148926e-01	1.335345804691314697e-01	-6.264724582433700562e-02	-8.171028643846511841e-02	7.651010528206825256e-03	-3.544884175062179565e-02	-6.872753053903579712e-02	2.497709840536117554e-01	-1.815677061676979065e-02	1.573023945093154907e-01	-3.258110210299491882e-02	-2.721286118030548096e-01	-1.270354986190795898e-01	1.670571044087409973e-02	-7.694120705127716064e-02	-2.639332115650177002e-01	7.830151915550231934e-02	-2.725968062877655029e-01	1.947172358632087708e-02	2.984687089920043945e-01	4.728683829307556152e-02	2.998622655868530273e-01	-1.176024824380874634e-01	7.773554325103759766e-02	1.112910211086273193e-01	3.200370073318481445e-01	7.831244915723800659e-02	-2.201327979564666748e-01	-6.405683606863021851e-02	2.232371270656585693e-01	1.815174967050552368e-01	-6.917641311883926392e-02	2.749567627906799316e-01	-2.190538197755813599e-01	2.277663499116897583e-01	3.142927885055541992e-01	-1.385620981454849243e-01	-5.700528249144554138e-02	2.097361087799072266e-01	-7.850971072912216187e-02	1.053464412689208984e-01	2.206622064113616943e-01	-2.767044305801391602e-01	1.395926773548126221e-01	-1.131468713283538818e-01	-2.426344901323318481e-01	-1.084164753556251526e-01	-3.122816607356071472e-02	1.803855895996093750e-01	-2.436777651309967041e-01	6.289603770710527897e-04	1.020002961158752441e-01	-1.959734559059143066e-01	-1.650555431842803955e-02	8.163461089134216309e-02	6.863149255514144897e-02	1.054767742753028870e-01	9.250655025243759155e-02	-2.614091336727142334e-01	9.020259231328964233e-02	1.054046079516410828e-01	1.233623251318931580e-01	-4.045127704739570618e-02	1.707708090543746948e-01	-2.174186855554580688e-01	1.299918591976165771e-01	-1.356748640537261963e-01	1.667093783617019653e-01	4.271525517106056213e-02	-4.823143035173416138e-02	2.467598915100097656e-01	7.396064698696136475e-02	-2.543334662914276123e-01	1.798730492591857910e-01	5.447158217430114746e-02	2.431372106075286865e-01
1.040829718112945557e-01	-1.984246447682380676e-02	2.378645688295364380e-01	-3.088696897029876709e-01	-6.814957410097122192e-02	-3.638529684394598007e-03	6.787666678428649902e-02	-4.428018257021903992e-02	-3.738346695899963379e-02	-5.883418023586273193e-02	-2.675778269767761230e-01	1.933868527412414551e-01	2.235368639230728149e-02	1.115696728229522705e-01	1.396167129278182983e-01	4.664361476898193359e-02	1.470158547163009644e-01	2.638418972492218018e-01	-1.822870522737503052e-01	-1.800439655780792236e-01	-1.053728535771369934e-01	-9.608338028192520142e-02	1.025356277823448181e-01	-8.450950682163238525e-02	2.953504025936126709e-01	3.062073290348052979e-01	1.871136389672756195e-02	2.527975738048553467e-01	1.140656545758247375e-01	7.276611775159835815e-02	-2.031354233622550964e-03	-1.339650452136993408e-01	-2.457690238952636719e-01	1.967212930321693420e-02	3.296069204807281494e-01	9.192942082881927490e-02	1.887724399566650391e-01	-6.849170476198196411e-02	2.553280293941497803e-01	-7.877924293279647827e-02	-1.880970895290374756e-01	2.547239661216735840e-01	3.515416011214256287e-02	6.332321465015411377e-02	5.207238718867301941e-02	2.972535789012908936e-01	5.995685234665870667e-02	3.594520688056945801e-02	-3.645270317792892456e-02	3.545506391674280167e-03	-1.864645779132843018e-01	2.450429350137710571e-01	-1.953377872705459595e-01	3.278634324669837952e-02	3.257598727941513062e-02	-2.816808819770812988e-01	-2.481652647256851196e-01	-3.314042836427688599e-02	1.522339731454849243e-01	1.072683371603488922e-02	-1.627192199230194092e-01	2.867249846458435059e-01	7.596362382173538208e-02	1.552820950746536255e-01	-1.199108138680458069e-01	1.226578950881958008e-01	2.075904607772827148e-01	4.625456035137176514e-02	8.273877948522567749e-02	1.286896467208862305e-01	1.731421202421188354e-01	-2.821516990661621094e-01	1.055675558745861053e-02	-9.476693719625473022e-02	-9.807423502206802368e-02	2.572019398212432861e-01	-1.191092506051063538e-01	2.325155287981033325e-01	2.548757791519165039e-01	1.486596018075942993e-01	1.175109520554542542e-01	-1.253017783164978027e-01	4.407086595892906189e-02	-2.102506347000598907e-02	-8.373489975929260254e-02	-6.746157258749008179e-02	2.897073030471801758e-01	7.827183604240417480e-02	-5.896461755037307739e-02	8.498670905828475952e-02	-1.606540530920028687e-01	-1.900067925453186035e-01	9.946691244840621948e-02	4.495919495820999146e-02	-4.731416236609220505e-03	2.472379058599472046e-01	-1.091312034986913204e-03	3.381240367889404297e-01	-1.061258688569068909e-01	-4.123902320861816406e-02
2.486240118741989136e-02	8.587274700403213501e-02	-1.554045267403125763e-02	-1.879718154668807983e-01	-1.573258824646472931e-02	-4.517459869384765625e-02	1.192971505224704742e-02	-2.907016873359680176e-01	1.420424133539199829e-01	1.430728286504745483e-01	-1.017136946320533752e-01	1.423490345478057861e-01	2.502581477165222168e-01	2.045709788799285889e-01	2.729672752320766449e-02	2.093521356582641602e-01	-3.808256983757019043e-02	6.362980604171752930e-02	1.694002188742160797e-02	-1.213172748684883118e-01	2.168134152889251709e-01	2.909752354025840759e-02	5.098970979452133179e-02	-1.296354085206985474e-01	-2.764283120632171631e-01	-2.325215190649032593e-02	-4.635965824127197266e-02	-8.595849573612213135e-02	4.937136545777320862e-02	-1.926216036081314087e-01	2.970639169216156006e-01	-3.208642303943634033e-01	1.155331432819366455e-01	2.769660651683807373e-01	-5.294420197606086731e-02	1.320447027683258057e-01	-1.899022608995437622e-02	3.006661832332611084e-01	1.200416758656501770e-01	2.735066413879394531e-01	-2.776115536689758301e-01	-1.874103397130966187e-01	1.800049692392349243e-01	1.604436486959457397e-01	4.874674975872039795e-02	1.405821144580841064e-01	-2.314756363630294800e-01	1.444742921739816666e-02	5.597933195531368256e-04	-5.576682090759277344e-02	-2.161007188260555267e-02	2.118901163339614868e-01	3.987725079059600830e-02	2.825830280780792236e-01	-9.603937715291976929e-02	4.328583925962448120e-02	-1.873722970485687256e-01	1.507204622030258179e-01	-2.788550555706024170e-01	2.930105547420680523e-04	3.390620276331901550e-02	-1.176998838782310486e-01	3.256476819515228271e-01	4.014269635081291199e-02	-4.810793697834014893e-02	-2.957049310207366943e-01	-3.271743655204772949e-01	1.485230475664138794e-01	-1.122348681092262268e-01	-1.733396351337432861e-01	-3.357727825641632080e-02	1.225032731890678406e-01	-7.678988575935363770e-02	3.041556663811206818e-02	1.850750595331192017e-01	-9.588947892189025879e-02	-2.862836122512817383e-01	-9.415124356746673584e-02	6.095504388213157654e-02	2.773640444502234459e-03	1.869466854259371758e-03	-1.616192460060119629e-01	-1.512710303068161011e-01	-2.570661008358001709e-01	-1.301930993795394897e-01	-1.144232675433158875e-01	-2.568953335285186768e-01	-2.287005037069320679e-01	2.444587498903274536e-01	2.612079679965972900e-01	1.274914592504501343e-01	1.949000209569931030e-01	-2.291678823530673981e-02	-1.947965472936630249e-01	-7.075741142034530640e-02	9.976761043071746826e-02	1.789475977420806885e-01	-1.944264322519302368e-01	-9.279569238424301147e-02	-1.646855026483535767e-01
1.277537345886230469e-01	-1.308130174875259399e-01	9.441663511097431183e-03	-2.540736198425292969e-01	1.228660941123962402e-01	-1.559958457946777344e-01	5.205612257122993469e-02	1.436385512351989746e-01	1.800462752580642700e-01	1.766825914382934570e-01	-2.316317111253738403e-01	7.840533554553985596e-02	-1.189543157815933228e-01	-1.718668453395366669e-02	4.528366774320602417e-02	-3.808695450425148010e-02	1.968599855899810791e-01	-5.354978889226913452e-02	-8.835448324680328369e-02	-3.116093948483467102e-02	-1.278239041566848755e-01	-2.707120478153228760e-01	-2.074547410011291504e-01	-4.047508165240287781e-02	-2.362564057111740112e-01	6.690511107444763184e-02	5.808098986744880676e-02	2.706348299980163574e-01	6.400343030691146851e-02	-2.332699298858642578e-01	1.162858828902244568e-01	-1.661858111619949341e-01	3.161668181419372559e-01	1.928812414407730103e-01	3.100395575165748596e-02	-2.959195077419281006e-01	1.455935388803482056e-01	-1.090740710496902466e-01	6.151769310235977173e-02	1.887980997562408447e-01	2.751034200191497803e-01	-2.812025845050811768e-01	-2.042856216430664062e-01	1.557244062423706055e-01	-6.962120532989501953e-02	5.740630999207496643e-02	-1.265579462051391602e-01	9.661442041397094727e-02	2.841252386569976807e-01	1.336914151906967163e-01	8.155802637338638306e-02	-2.097693644464015961e-02	-9.221668541431427002e-02	2.874312400817871094e-01	-2.535962760448455811e-01	-2.085023820400238037e-01	-1.051397174596786499e-01	-1.981264911592006683e-02	2.711418271064758301e-01	6.901684403419494629e-02	-4.146243259310722351e-02	-6.155488640069961548e-02	2.158523052930831909e-01	2.482690289616584778e-02	2.272707670927047729e-01	-9.957537055015563965e-03	1.396110355854034424e-01	-1.140338107943534851e-01	-6.246748194098472595e-02	1.129493191838264465e-01	-2.123999893665313721e-01	2.993887066841125488e-01	1.313571333885192871e-01	1.688508540391921997e-01	-3.008154332637786865e-01	-2.119347453117370605e-01	-6.129525974392890930e-02	-3.357407823204994202e-02	2.311704456806182861e-01	3.649655729532241821e-02	1.428817808628082275e-01	-5.737995263189077377e-03	2.361618131399154663e-01	7.465356588363647461e-02	1.479091197252273560e-01	1.208058521151542664e-01	9.263511002063751221e-02	-1.095567923039197922e-02	-1.438743621110916138e-01	-3.908079490065574646e-02	-1.088594719767570496e-01	-1.723145395517349243e-01	-1.393589526414871216e-01	8.664635941386222839e-03	1.146776005625724792e-01	-1.981694102287292480e-01	-3.910452499985694885e-02	-4.624417424201965332e-02	-6.191582232713699341e-02	-2.387997955083847046e-01
1.716541051864624023e-01	1.470741927623748779e-01	2.248309850692749023e-01	4.463177546858787537e-02	-5.810580775141716003e-02	3.462235629558563232e-02	-1.285192966461181641e-01	-6.194432079792022705e-02	-1.201172098517417908e-01	1.402664631605148315e-01	-2.291694730520248413e-01	-2.078210376203060150e-02	2.131382673978805542e-01	2.900670841336250305e-02	-4.443220421671867371e-02	-3.078853785991668701e-01	-1.891089826822280884e-01	-9.107160381972789764e-03	-1.024982929229736328e-01	2.402311116456985474e-01	1.567068696022033691e-02	2.584852837026119232e-02	-1.079937368631362915e-01	1.745973899960517883e-02	-6.438970565795898438e-02	-2.781953290104866028e-02	1.167391166090965271e-01	-2.327996864914894104e-02	-1.063680835068225861e-02	-4.063819721341133118e-02	-1.041486114263534546e-01	-1.324614416807889938e-02	-2.445467859506607056e-01	-1.841588169336318970e-01	3.307656049728393555e-01	1.946253478527069092e-01	-1.768325567245483398e-01	1.252858787775039673e-01	-8.471275120973587036e-02	3.833113238215446472e-02	1.137017011642456055e-01	1.940192729234695435e-01	3.340665698051452637e-01	-3.295104801654815674e-01	3.219749927520751953e-01	4.654685035347938538e-02	-1.859206259250640869e-01	-1.058069169521331787e-01	2.045609056949615479e-02	-1.081070154905319214e-01	1.040077432990074158e-01	-8.145857602357864380e-03	2.750822007656097412e-01	-4.723576363176107407e-03	3.320381045341491699e-01	4.131329804658889771e-02	-2.444317750632762909e-02	-8.039554208517074585e-02	1.706383228302001953e-01	-2.022666670382022858e-02	-2.482314705848693848e-01	4.852733016014099121e-02	3.481237590312957764e-02	-2.624666392803192139e-01	-7.376644760370254517e-02	2.223293296992778778e-02	2.241810709238052368e-01	-8.731660246849060059e-02	-7.776048034429550171e-02	3.661505877971649170e-02	-1.736069023609161377e-01	2.109826505184173584e-01	-3.055299818515777588e-01	8.615558594465255737e-02	-2.245806753635406494e-01	-1.909537017345428467e-01	-1.305895298719406128e-01	-2.949461340904235840e-01	2.890574634075164795e-01	1.695098578929901123e-01	-3.622820973396301270e-02	-2.499295026063919067e-01	1.576446890830993652e-01	1.119741126894950867e-01	7.761088013648986816e-02	-1.093315482139587402e-01	1.937348768115043640e-02	-1.023090705275535583e-01	2.484529316425323486e-01	2.359099984169006348e-01	2.382481098175048828e-01	-5.611370131373405457e-02	-2.093245387077331543e-01	2.379245758056640625e-01	-6.375009566545486450e-02	2.524518594145774841e-02	3.202064931392669678e-01	1.079682409763336182e-01	2.834899127483367920e-01	2.491327375173568726e-01
-2.601381540298461914e-01	-1.554919183254241943e-01	-1.275023221969604492e-01	-2.998161315917968750e-01	2.270928621292114258e-01	-1.587179005146026611e-01	3.185020089149475098e-01	-3.546390309929847717e-02	9.886925667524337769e-02	1.990931034088134766e-01	-8.124904707074165344e-03	1.896685957908630371e-01	-1.870695203542709351e-01	-3.120055980980396271e-02	5.658926069736480713e-02	-1.593020260334014893e-01	2.975181341171264648e-01	1.690789312124252319e-01	3.116264939308166504e-01	-1.278008520603179932e-02	4.511065781116485596e-02	2.324201762676239014e-01	-2.213382720947265625e-01	-1.002503335475921631e-01	2.838778197765350342e-01	-2.968317568302154541e-01	-1.031271964311599731e-01	2.852047979831695557e-01	7.518071681261062622e-02	1.040734052658081055e-01	-5.753944441676139832e-02	-3.969804197549819946e-02	-1.044229511171579361e-02	-3.811372444033622742e-02	2.712277770042419434e-01	-2.125106751918792725e-01	-2.813360281288623810e-02	-2.582796514034271240e-01	-1.564819067716598511e-01	-4.785284399986267090e-02	1.330195814371109009e-01	9.710526466369628906e-02	-1.437374055385589600e-01	2.869056761264801025e-01	-3.129273653030395508e-01	-1.098178327083587646e-02	-1.025349795818328857e-01	2.027315944433212280e-01	-8.385390043258666992e-03	5.637219548225402832e-02	6.029355153441429138e-02	1.165174469351768494e-01	-3.082128763198852539e-01	-2.949862480163574219e-01	1.537431478500366211e-01	6.851431727409362793e-02	-8.034926652908325195e-02	2.091554254293441772e-01	1.888729035854339600e-01	1.481596827507019043e-01	8.650424331426620483e-02	-1.611334457993507385e-02	-1.808871328830718994e-01	1.690395474433898926e-01	5.705294385552406311e-02	-1.553982049226760864e-01	6.271820515394210815e-02	-5.670586228370666504e-02	2.157381325960159302e-01	1.121564507484436035e-01	-1.363661885261535645e-01	-2.501556873321533203e-01	-2.979519665241241455e-01	-1.398491710424423218e-01	-2.584764659404754639e-01	2.509698038920760155e-03	9.308467060327529907e-02	1.750495843589305878e-02	5.306676402688026428e-02	1.445159614086151123e-01	1.461938470602035522e-01	1.886473894119262695e-01	2.285943329334259033e-01	-1.480574011802673340e-01	-2.363125085830688477e-01	-4.746666178107261658e-02	2.159919142723083496e-01	-3.739039972424507141e-02	-1.052749231457710266e-01	1.173743233084678650e-01	1.817292720079421997e-01	-1.627658866345882416e-02	-1.158320456743240356e-01	2.722071707248687744e-01	1.156857311725616455e-01	-2.293285727500915527e-01	7.541310042142868042e-02	-1.719975173473358154e-01	-3.508236259222030640e-02	3.037437796592712402e-01
1.152013167738914490e-01	-1.288679540157318115e-01	-1.281225681304931641e-01	-1.896292865276336670e-01	-2.976384162902832031e-01	-2.610138356685638428e-01	-5.882558599114418030e-02	-1.711711883544921875e-01	-1.017794851213693619e-02	2.351076006889343262e-01	-1.328690946102142334e-01	-2.292856872081756592e-01	-2.690945565700531006e-01	-2.012448012828826904e-01	-2.578331530094146729e-01	9.916435927152633667e-03	-2.074697613716125488e-02	-3.206372261047363281e-02	-2.204107865691184998e-02	-1.188361197710037231e-01	3.268967270851135254e-01	1.571036130189895630e-01	1.663586199283599854e-01	1.197497397661209106e-01	1.357460319995880127e-01	2.182750999927520752e-01	2.102730125188827515e-01	-2.080890536308288574e-02	-2.321618236601352692e-02	-1.878369152545928955e-01	1.350334137678146362e-01	-1.632343381643295288e-01	-7.792641222476959229e-02	1.897457838058471680e-01	2.507418692111968994e-01	1.274034231901168823e-01	1.809870600700378418e-01	-1.100382655858993530e-01	2.638714611530303955e-01	-3.564142435789108276e-02	3.151549696922302246e-01	-6.500073522329330444e-02	-1.111382544040679932e-01	3.193393051624298096e-01	1.038151457905769348e-01	-2.040773332118988037e-01	-1.548481583595275879e-01	3.347732424736022949e-01	-2.234338223934173584e-01	6.752993166446685791e-02	-1.438150256872177124e-01	-1.062979251146316528e-01	1.204531416296958923e-01	3.502119183540344238e-01	-1.039813011884689331e-01	2.585421800613403320e-01	-1.079947575926780701e-01	-2.728227972984313965e-01	-3.492799401283264160e-01	2.061205208301544189e-01	-1.240838021039962769e-01	1.986847724765539169e-03	-2.583747208118438721e-01	-2.464673519134521484e-01	-3.435187041759490967e-01	8.315104991197586060e-02	2.359235733747482300e-01	3.240991532802581787e-01	-1.901386380195617676e-01	-2.367851734161376953e-01	1.240190938115119934e-01	5.311507731676101685e-03	1.163876205682754517e-01	8.151083439588546753e-02	2.594922780990600586e-01	-2.847935557365417480e-01	-1.069847587496042252e-02	2.774871587753295898e-01	-2.365629374980926514e-01	2.277924865484237671e-01	2.713150680065155029e-01	-2.813417613506317139e-01	2.211761176586151123e-01	-9.439940750598907471e-02	2.729832530021667480e-01	3.423109352588653564e-01	-1.481498181819915771e-01	-4.455586895346641541e-02	5.139449238777160645e-02	2.854258418083190918e-01	9.673652797937393188e-02	8.653259277343750000e-02	-2.836264371871948242e-01	-3.356153964996337891e-01	2.041030973196029663e-01	2.206177823245525360e-02	-1.027108803391456604e-01	-1.390447318553924561e-01	3.184121251106262207e-01	-7.158817350864410400e-02
-2.391168028116226196e-01	-2.908426225185394287e-01	-6.926850974559783936e-02	-5.734623596072196960e-02	-1.110257953405380249e-01	1.740924417972564697e-01	-9.856953471899032593e-02	2.636789977550506592e-01	-2.311667650938034058e-01	-8.377055078744888306e-02	2.910942137241363525e-01	-6.869417428970336914e-02	1.864218264818191528e-01	2.689546346664428711e-01	-2.304241955280303955e-01	-1.088402792811393738e-02	2.031172811985015869e-01	-1.849587857723236084e-01	9.727745503187179565e-02	1.098580956459045410e-01	-1.175892502069473267e-01	-1.515312045812606812e-01	-1.518183969892561436e-03	2.030937559902667999e-02	1.074777022004127502e-01	-2.460181266069412231e-01	1.241939812898635864e-01	1.476771831512451172e-01	-1.546899676322937012e-01	1.729691177606582642e-01	1.290895976126194000e-02	2.557490468025207520e-01	-1.392931193113327026e-01	9.257568418979644775e-02	-1.568951457738876343e-01	2.751722931861877441e-01	7.256560493260622025e-03	-1.610512286424636841e-01	1.825623400509357452e-02	-2.290242910385131836e-02	-2.361067533493041992e-01	2.662668935954570770e-02	1.273330897092819214e-01	7.094961404800415039e-02	1.737952232360839844e-02	-3.247053623199462891e-01	3.180029392242431641e-01	1.069894433021545410e-01	-3.767875954508781433e-02	8.587534539401531219e-03	2.268915623426437378e-01	-1.831377744674682617e-01	1.257763653993606567e-01	-1.703674532473087311e-02	9.084841609001159668e-02	1.904337108135223389e-01	2.217656970024108887e-01	6.345558911561965942e-02	-3.287042677402496338e-01	3.538598772138357162e-03	-7.578411698341369629e-02	2.239972054958343506e-01	-1.130720749497413635e-01	-5.876510962843894958e-02	-8.188083022832870483e-02	-8.453020453453063965e-02	-2.126662135124206543e-01	-1.250208616256713867e-01	2.615413963794708252e-01	3.190035820007324219e-01	-8.367588371038436890e-02	2.071363180875778198e-01	-2.079633027315139771e-01	-1.796863228082656860e-01	-1.148352995514869690e-01	-2.660203576087951660e-01	-2.003530114889144897e-01	2.720038890838623047e-01	-1.581144332885742188e-01	1.371761858463287354e-01	5.928640440106391907e-02	-2.543836645781993866e-02	-1.782806217670440674e-01	-1.313344389200210571e-01	-1.583090424537658691e-01	1.858393549919128418e-01	1.663698554039001465e-01	1.299414634704589844e-01	1.270761489868164062e-01	-2.278610467910766602e-01	-2.537457346916198730e-01	1.437917202711105347e-01	1.904756724834442139e-01	-2.870973646640777588e-01	1.552180349826812744e-01	5.341628193855285645e-02	2.694910168647766113e-01	1.792321652173995972e-01	-1.504195630550384521e-01	-1.423956155776977539e-01
-2.123249471187591553e-01	1.057464629411697388e-01	2.244779840111732483e-02	1.156650111079216003e-01	-1.972202956676483154e-02	7.348252087831497192e-02	2.809609174728393555e-01	-2.464740872383117676e-01	2.120798528194427490e-01	5.776490271091461182e-02	-2.300386130809783936e-01	-1.545736342668533325e-01	3.307514488697052002e-01	1.300488859415054321e-01	-4.640810191631317139e-02	-6.311633437871932983e-02	2.268028557300567627e-01	-2.313732355833053589e-01	-1.534409672021865845e-01	1.924414634704589844e-01	-2.947771549224853516e-01	8.681978285312652588e-02	-2.039327472448348999e-01	9.051189571619033813e-02	2.383138239383697510e-02	-2.240984737873077393e-01	-2.350373566150665283e-01	-5.847061797976493835e-02	2.007560878992080688e-01	-2.795457243919372559e-01	1.644200831651687622e-01	-3.409400954842567444e-02	1.433740854263305664e-01	1.715431511402130127e-01	-2.524612843990325928e-01	-2.390978485345840454e-02	-1.253257095813751221e-01	3.046934902667999268e-01	1.543449014425277710e-01	-3.244033157825469971e-01	-8.941198140382766724e-02	-1.882827654480934143e-02	1.524206846952438354e-01	-2.414773106575012207e-01	1.684457361698150635e-01	-2.526678517460823059e-02	5.202327296137809753e-02	7.021012715995311737e-04	-6.251175701618194580e-02	-2.365551590919494629e-01	2.944700717926025391e-01	-1.075882464647293091e-02	6.204295158386230469e-02	-1.308039277791976929e-01	1.045937016606330872e-01	-2.443725615739822388e-01	-5.159991979598999023e-02	3.492121025919914246e-02	-1.546785533428192139e-01	-1.608054190874099731e-01	-3.326386809349060059e-01	-6.649320479482412338e-03	-1.603514403104782104e-01	9.646693244576454163e-03	1.095607057213783264e-01	-1.101915016770362854e-01	-1.243786071427166462e-03	-8.004850894212722778e-02	-3.116789460182189941e-01	3.042249679565429688e-01	-2.290666699409484863e-01	-3.060085773468017578e-01	2.593614161014556885e-01	-1.315205395221710205e-01	-1.432338058948516846e-01	-4.898598790168762207e-02	2.243070900440216064e-01	2.792032249271869659e-02	1.799216568470001221e-01	-2.532000243663787842e-01	6.209027022123336792e-02	1.528841704130172729e-01	-2.289455384016036987e-01	-2.044312953948974609e-01	2.336376458406448364e-01	1.396970152854919434e-01	-7.277520745992660522e-02	-3.629424422979354858e-02	-8.291042409837245941e-03	-1.260445220395922661e-03	1.819234490394592285e-01	-1.206567883491516113e-01	-1.183763593435287476e-01	-1.298343241214752197e-01	7.813436537981033325e-02	1.288481801748275757e-02	-6.448990851640701294e-02	2.124938927590847015e-02	-3.211851716041564941e-01	-1.236092671751976013e-01
-1.093158796429634094e-01	2.395806461572647095e-01	3.133421391248703003e-02	-2.277848497033119202e-02	-4.194701835513114929e-02	-2.348051033914089203e-02	2.559582591056823730e-01	-1.123437732458114624e-01	-8.137662708759307861e-02	-2.905984818935394287e-01	-2.635441124439239502e-01	2.614576518535614014e-01	2.394334077835083008e-01	-6.640989333391189575e-02	-2.250596880912780762e-01	-2.514907121658325195e-01	4.036056250333786011e-02	3.243705928325653076e-01	-2.260360419750213623e-01	1.819776445627212524e-01	5.595982447266578674e-02	-3.053070604801177979e-01	1.416140943765640259e-01	2.475287020206451416e-01	3.166674375534057617e-01	-9.732931852340698242e-02	-4.152748733758926392e-02	7.305174320936203003e-02	9.483587741851806641e-02	4.367151856422424316e-02	-1.393132954835891724e-01	2.080107778310775757e-01	-3.014428615570068359e-01	-9.207972325384616852e-03	-2.719279378652572632e-03	2.010380923748016357e-01	4.783571884036064148e-02	-1.525314897298812866e-01	1.546052191406488419e-02	1.762951607815921307e-03	-5.221368372440338135e-02	1.498489230871200562e-01	-1.931134611368179321e-01	1.091535091400146484e-01	-1.745843738317489624e-01	2.743326500058174133e-02	1.545168310403823853e-01	-1.617711484432220459e-01	-8.398389443755149841e-03	2.417342811822891235e-01	-4.298966377973556519e-02	-2.654091119766235352e-01	1.022449582815170288e-01	-1.804403215646743774e-01	-2.268750369548797607e-01	-2.359307408332824707e-01	-1.499582082033157349e-01	-1.284954231232404709e-02	3.853828832507133484e-02	1.854451596736907959e-01	1.200875416398048401e-01	-2.896932065486907959e-01	-2.034838646650314331e-01	-8.757960796356201172e-02	7.835070788860321045e-02	-2.883750498294830322e-01	-2.241405546665191650e-01	-1.342095434665679932e-01	1.974546462297439575e-01	-2.197683975100517273e-02	-2.082393914461135864e-01	1.843539252877235413e-02	-1.850785166025161743e-01	-4.912387207150459290e-02	1.082809865474700928e-01	1.338860690593719482e-01	2.241682708263397217e-01	1.129783783107995987e-02	-1.199526195705402642e-05	-1.494890749454498291e-01	4.127319902181625366e-02	-1.021031215786933899e-01	2.109300196170806885e-01	1.698427647352218628e-01	-4.887346178293228149e-03	-1.251226961612701416e-01	-1.404608190059661865e-01	-2.573400437831878662e-01	-1.140791997313499451e-01	-1.415311694145202637e-01	-4.543167352676391602e-02	-9.504361078143119812e-03	-1.621277928352355957e-01	-7.171311299316585064e-04	-1.527251303195953369e-01	1.529495865106582642e-01	-1.836261898279190063e-01	-4.749349504709243774e-02	-9.334857016801834106e-02	2.666914165019989014e-01
2.441178113222122192e-01	1.373870074748992920e-01	1.690820604562759399e-01	4.989790543913841248e-02	-1.276039779186248779e-01	-1.484024077653884888e-01	-1.914855092763900757e-01	-1.268542259931564331e-01	2.412115484476089478e-01	-1.304019540548324585e-01	-2.143904566764831543e-01	3.036010563373565674e-01	1.418124884366989136e-01	-2.156548351049423218e-01	5.228865146636962891e-02	-3.655184805393218994e-02	1.247485950589179993e-01	-1.686009913682937622e-01	2.501070313155651093e-02	-2.187482714653015137e-01	-1.636989563703536987e-01	-1.712551116943359375e-01	-2.134756743907928467e-01	-4.013650491833686829e-02	-2.324953675270080566e-01	1.907221674919128418e-01	2.979463934898376465e-01	-1.956989914178848267e-01	2.415494173765182495e-01	1.095326710492372513e-02	-1.592092216014862061e-01	-7.387954741716384888e-02	3.961349371820688248e-03	-6.351559422910213470e-03	-9.789671003818511963e-02	3.305567800998687744e-01	1.990272551774978638e-01	-2.769322097301483154e-01	1.514773070812225342e-01	-1.253694295883178711e-01	1.989675909280776978e-01	9.977734833955764771e-02	-4.180134087800979614e-02	-2.468922287225723267e-01	2.714210152626037598e-01	-1.352434009313583374e-01	1.829918473958969116e-01	-2.762367427349090576e-01	1.197893321514129639e-01	2.468858212232589722e-01	1.627233326435089111e-01	-5.298931524157524109e-02	-1.124553307890892029e-01	2.663021534681320190e-02	-2.592614479362964630e-02	4.980607889592647552e-03	1.306778490543365479e-01	-1.177486479282379150e-01	-2.334780395030975342e-01	4.871442914009094238e-02	-4.652255401015281677e-02	9.207306057214736938e-02	1.670850068330764771e-01	9.421090036630630493e-02	-1.234008967876434326e-01	-4.743952676653862000e-02	1.689990758895874023e-01	-9.689711034297943115e-03	2.890862226486206055e-01	2.214705795049667358e-01	1.450542062520980835e-01	6.369905173778533936e-02	1.326988339424133301e-01	3.567044809460639954e-02	3.416464850306510925e-02	-7.739165425300598145e-02	4.134847968816757202e-02	2.755815386772155762e-01	-1.697473078966140747e-01	-2.131009548902511597e-01	-1.033319160342216492e-01	-1.592023670673370361e-01	2.824939787387847900e-01	-1.654371619224548340e-01	3.335252776741981506e-02	1.779676377773284912e-01	1.127585098147392273e-01	-1.551693677902221680e-01	-2.753977775573730469e-01	1.115839481353759766e-01	1.017570942640304565e-01	1.396223157644271851e-01	-5.932714790105819702e-02	1.706248670816421509e-01	-8.064481616020202637e-02	-1.061186417937278748e-01	-1.944346725940704346e-01	-2.068448960781097412e-01	-1.504583209753036499e-01	-1.817242801189422607e-02
3.203813135623931885e-01	1.427622437477111816e-01	8.846264332532882690e-02	-5.402190238237380981e-02	-3.076845407485961914e-01	-2.706192135810852051e-01	-3.170912712812423706e-02	5.655471608042716980e-02	-9.969948232173919678e-02	-1.859731674194335938e-01	-1.648172587156295776e-01	9.346841834485530853e-03	1.284001171588897705e-01	-8.446953445672988892e-02	-2.698870599269866943e-01	-1.205610781908035278e-01	-2.197161912918090820e-01	2.574045909568667412e-03	8.775671571493148804e-02	-5.261345300823450089e-03	1.863067001104354858e-01	3.384388238191604614e-02	-7.733349502086639404e-02	-1.331578791141510010e-01	-5.153898149728775024e-02	-7.466986030340194702e-02	9.175943583250045776e-02	-8.271747082471847534e-02	3.154462575912475586e-01	-2.516755089163780212e-02	-6.104713305830955505e-02	-6.945645809173583984e-02	2.701065540313720703e-01	2.892260551452636719e-01	2.164550274610519409e-01	-1.364218592643737793e-01	-1.122625619173049927e-01	-8.486432582139968872e-02	-1.173779740929603577e-02	-2.324610948562622070e-01	8.371782489120960236e-03	-1.148606464266777039e-01	2.129730731248855591e-01	7.861217111349105835e-02	2.659083008766174316e-01	1.170654743909835815e-01	-3.178723528981208801e-02	-8.526401966810226440e-02	-1.321550011634826660e-01	-1.974355280399322510e-01	1.429926156997680664e-01	-3.338395655155181885e-01	-1.016120091080665588e-01	2.243022471666336060e-01	-2.612706273794174194e-02	-2.999839484691619873e-01	1.572709232568740845e-01	-1.938207074999809265e-02	9.679906070232391357e-02	9.985910356044769287e-02	1.568233072757720947e-01	-1.070155724883079529e-01	-2.130702733993530273e-01	2.621599473059177399e-02	-1.358118057250976562e-01	1.165478155016899109e-01	5.685328319668769836e-02	-1.186634972691535950e-01	1.613730192184448242e-01	-1.305831670761108398e-01	3.066483885049819946e-02	4.266365244984626770e-02	-1.792359054088592529e-01	-3.245106041431427002e-01	1.354909390211105347e-01	-3.418628573417663574e-01	2.212961167097091675e-01	-3.260857760906219482e-01	-1.576231122016906738e-01	1.190607845783233643e-01	1.083487551659345627e-02	1.112934481352567673e-02	-2.044378817081451416e-01	-9.241193532943725586e-02	2.249338328838348389e-01	-2.479900419712066650e-01	-8.014190010726451874e-03	-1.526546776294708252e-01	-9.837823919951915741e-03	-1.059391573071479797e-01	2.942233085632324219e-01	1.200323626399040222e-01	1.961083561182022095e-01	2.253537252545356750e-02	1.385038997977972031e-02	1.676025986671447754e-01	-2.247793972492218018e-01	2.356626540422439575e-01	-2.514066398143768311e-01	-1.824157983064651489e-01
1.334233582019805908e-01	8.824304491281509399e-02	2.503156065940856934e-01	1.976707875728607178e-01	2.732667028903961182e-01	-2.395812124013900757e-01	1.731229573488235474e-02	1.876546591520309448e-01	-3.107713460922241211e-01	3.308441638946533203e-01	4.577324911952018738e-02	8.227574080228805542e-02	-7.896688580513000488e-02	-1.198874264955520630e-01	7.788521796464920044e-02	-1.563819199800491333e-01	-1.381498128175735474e-01	6.211667880415916443e-02	8.630009740591049194e-02	2.922850549221038818e-01	1.947691887617111206e-01	1.180683895945549011e-01	1.356684863567352295e-01	7.829625904560089111e-02	1.911677047610282898e-02	-2.463390678167343140e-01	-7.509022951126098633e-02	-1.092491019517183304e-02	-9.084990620613098145e-02	-3.060851097106933594e-01	-1.379991322755813599e-01	-3.055996596813201904e-01	2.476848959922790527e-01	3.382119536399841309e-02	3.015255928039550781e-02	2.625103592872619629e-01	2.831801213324069977e-02	3.869738802313804626e-02	9.843847155570983887e-02	-6.681430339813232422e-02	1.328860074281692505e-01	6.089019123464822769e-03	-1.615984886884689331e-01	2.686765491962432861e-01	2.919000387191772461e-01	1.519020646810531616e-01	7.925741374492645264e-02	-2.738629281520843506e-01	3.115444481372833252e-01	-2.730790525674819946e-02	-1.435669660568237305e-01	-1.518305856734514236e-02	-2.411645352840423584e-01	1.993737882003188133e-03	1.543922442942857742e-02	3.345907330513000488e-01	2.039271295070648193e-01	1.076580733060836792e-01	-1.351278871297836304e-01	-2.227752953767776489e-01	2.696958184242248535e-01	-2.585984766483306885e-01	-1.801946759223937988e-01	-2.917733043432235718e-02	2.840245664119720459e-01	-1.110609471797943115e-01	-1.687216013669967651e-01	-7.486294955015182495e-02	-2.915014326572418213e-01	-8.364056795835494995e-02	1.758870631456375122e-01	-4.102901369333267212e-02	3.949983511120080948e-04	-1.113325506448745728e-01	1.030328124761581421e-01	-2.134262770414352417e-01	5.068371072411537170e-02	-1.811219602823257446e-01	1.109201461076736450e-01	-1.705160588026046753e-01	7.677116245031356812e-02	-1.069720685482025146e-01	1.514316350221633911e-01	-7.218464463949203491e-02	-1.263448745012283325e-01	-1.033510547131299973e-02	-6.815424561500549316e-02	-1.331327296793460846e-02	2.781668901443481445e-01	6.328856572508811951e-03	3.255380094051361084e-01	-8.466830849647521973e-02	3.097751922905445099e-02	3.009409308433532715e-01	-1.500001829117536545e-02	-8.859502151608467102e-03	-5.653452873229980469e-02	-1.389426887035369873e-01	-1.359366476535797119e-01	5.143245682120323181e-02
-2.087695747613906860e-01	2.114760726690292358e-01	1.943672299385070801e-01	3.278930783271789551e-01	1.534568220376968384e-01	2.371557056903839111e-01	-1.041241884231567383e-01	-4.572545364499092102e-02	-1.486343145370483398e-02	1.213922798633575439e-01	5.181686580181121826e-02	-2.336960136890411377e-01	3.309481441974639893e-01	-1.238984018564224243e-01	-2.517471909523010254e-01	1.240272149443626404e-01	-5.024265125393867493e-02	-4.263567179441452026e-02	2.776832319796085358e-02	-9.875965118408203125e-02	9.156370162963867188e-02	2.125941962003707886e-01	-1.677229255437850952e-01	-6.152396649122238159e-02	-1.699252240359783173e-02	-1.690368950366973877e-01	7.649660855531692505e-02	-4.047806933522224426e-02	-9.849464893341064453e-02	4.217556491494178772e-02	-2.968057617545127869e-02	-2.170863747596740723e-01	-9.831342101097106934e-02	1.745422631502151489e-01	-2.137774527072906494e-01	-2.832155525684356689e-01	-8.573974668979644775e-02	-9.291338175535202026e-02	-1.018306240439414978e-01	-6.073820590972900391e-02	-3.210070356726646423e-02	-2.048392742872238159e-01	2.552926773205399513e-03	-2.118699252605438232e-02	5.275933071970939636e-02	1.911310404539108276e-01	9.407666325569152832e-02	1.994104534387588501e-01	-2.300557866692543030e-02	1.719995439052581787e-01	-3.244833350181579590e-01	-2.471672147512435913e-01	-3.576242178678512573e-02	2.047562897205352783e-01	9.795034676790237427e-02	-2.201890572905540466e-02	1.385639309883117676e-01	7.498362567275762558e-03	-5.552088469266891479e-02	1.488490998744964600e-01	1.893551945686340332e-01	-5.631265044212341309e-02	-1.347765326499938965e-01	-2.363315522670745850e-01	5.968143045902252197e-02	-7.570368796586990356e-02	1.176201924681663513e-01	-2.449671775102615356e-01	5.702655017375946045e-02	-4.034530743956565857e-02	-2.995059788227081299e-01	1.692683696746826172e-01	2.861049771308898926e-02	2.685686945915222168e-01	-2.595626190304756165e-02	-2.700469829142093658e-02	1.108784824609756470e-01	2.124567031860351562e-01	1.107205897569656372e-01	-2.690082490444183350e-01	-1.784017235040664673e-01	4.076141864061355591e-02	1.540786772966384888e-01	-2.738799750804901123e-01	-1.052542626857757568e-01	-7.218052446842193604e-02	2.657383307814598083e-02	2.543767094612121582e-01	-5.873268097639083862e-02	1.036976203322410583e-01	-1.010516285896301270e-01	-2.637066878378391266e-02	5.569886788725852966e-02	-2.082356363534927368e-01	-1.016358565539121628e-02	-1.515643298625946045e-01	-6.777865439653396606e-02	-2.602954804897308350e-01	2.507331073284149170e-01	-1.346119344234466553e-01
